Jeux,Primaire,Secondaire
007: Blood Stone,146.190.205.197,1.1.1.1
007: GoldenEye - Reloaded,146.190.205.197,1.1.1.1
007: Legends,146.190.205.197,1.1.1.1
007: Quantum of Solace,146.190.205.197,1.1.1.1
Ashes Cricket 2009,146.190.205.197,1.1.1.1
Baja: Edge of Control,146.190.205.197,1.1.1.1
Baja: Score International 1000,146.190.205.197,1.1.1.1
Band Hero,146.190.205.197,1.1.1.1
Battlefield 1943,67.222.150.250,1.1.1.1
Battlefield 3,37.16.74.123,1.1.1.1
Battlefield: Bad Company 2,67.222.150.250,1.1.1.1
BlackSite: Area 51,146.190.205.197,1.1.1.1
Blur,209.38.53.69,1.1.1.1
Burnout: Paradise,51.79.41.185,1.1.1.1
Call of Duty 3,146.190.205.197,1.1.1.1
Calling All Cars!,51.79.41.185,1.1.1.1
Colin McRae: Dirt,146.190.205.197,1.1.1.1
Crysis 2,67.222.156.250,1.1.1.1
Demon's Souls,142.93.245.186,1.1.1.1
DJ Hero,146.190.205.197,1.1.1.1
DJ Hero 2,146.190.205.197,1.1.1.1
Driver: San Francisco,146.190.205.197,1.1.1.1
Enemy Territory: Quake Wars,146.190.205.197,1.1.1.1
Far Cry 2,146.190.205.197,1.1.1.1
Far Cry 3,146.190.205.197,1.1.1.1
Geometry Wars 3: Dimensions Evolved,146.190.205.197,1.1.1.1
Ghostbusters: The Video Game,146.190.205.197,1.1.1.1
Gran Turismo 5,5.61.32.177,1.1.1.1
Gran Turismo 6,5.61.32.177,1.1.1.1
Grid,146.190.205.197,1.1.1.1
Guitar Hero 3: Legends of Rock,146.190.205.197,1.1.1.1
Guitar Hero 5,146.190.205.197,1.1.1.1
Guitar Hero: Aerosmith,146.190.205.197,1.1.1.1
Guitar Hero: Metallica,146.190.205.197,1.1.1.1
Guitar Hero: Smash Hits,146.190.205.197,1.1.1.1
Guitar Hero: Van Halen,146.190.205.197,1.1.1.1
Guitar Hero: Warriors of Rock,146.190.205.197,1.1.1.1
Guitar Hero: World Tour,146.190.205.197,1.1.1.1
Haze,146.190.205.197,1.1.1.1
Heroes Over Europe,146.190.205.197,1.1.1.1
Homefront,189.158.17.209,1.1.1.1
International Cricket 2010,146.190.205.197,1.1.1.1
James Cameron's Avatar: The Game,146.190.205.197,1.1.1.1
Killzone 2,67.222.156.250,1.1.1.1
Marvel: Ultimate Alliance 2,146.190.205.197,1.1.1.1
Medal of Honor,128.140.0.23,1.1.1.1
ModNation Racers,45.32.179.33,8.8.8.8
Monster Hunter: Frontier Z,155.248.202.187,1.1.1.1
MotorStorm,67.222.156.250,1.1.1.1
MotorStorm: Apocalypse,67.222.156.250,1.1.1.1
MotorStorm: Pacific Rift,67.222.156.250,1.1.1.1
MX vs ATV Reflex,146.190.205.197,1.1.1.1
MX vs ATV Untamed,146.190.205.197,1.1.1.1
NBA 07,67.222.156.250,1.1.1.1
Operation Flashpoint: Dragon Rising,146.190.205.197,1.1.1.1
Overlord 2,146.190.205.197,1.1.1.1
Pain,185.194.142.4,1.1.1.1
PlayStation Home,52.86.120.101,1.1.1.1
Pure Football,146.190.205.197,1.1.1.1
Ratchet & Clank: Up Your Arsenal,51.79.41.185,1.1.1.1
Ratchet: Deadlocked,51.79.41.185,1.1.1.1
Resistance: Fall of Man,146.190.205.197,1.1.1.1
Ridge Racer: Unbounded,146.190.205.197,1.1.1.1
Rock Band 2,78.141.231.152,1.1.1.1
Rock Band 3,78.141.231.152,1.1.1.1
Shaun White: Skateboarding,146.190.205.197,1.1.1.1
Shaun White: Snowboarding,146.190.205.197,1.1.1.1
Singularity,146.190.205.197,1.1.1.1
Socom: U.S. Navy Seals Confrontation,185.194.142.4,1.1.1.1
Soldier of Fortune: Payback,146.190.205.197,1.1.1.1
Starhawk,198.100.158.95,1.1.1.1
Stranglehold,146.190.205.197,1.1.1.1
Stuntman: Ignition,146.190.205.197,1.1.1.1
Super Acrobatic Rocket-Powered BC,209.74.81.7,1.1.1.1
Test Drive Unlimited 2,194.164.90.135,1.1.1.1
The Club,146.190.205.197,1.1.1.1
The History Channel: Battle Pacic,146.190.205.197,1.1.1.1
The Last of Us,51.75.22.125,1.1.1.1
The Lord of the Rings: Conquest,67.222.156.250,1.1.1.1
TNA Impact!,146.190.205.197,1.1.1.1
Tom Clancy's EndWar,146.190.205.197,1.1.1.1
Tom Clancy's Ghost Recon: AW 2,146.190.205.197,1.1.1.1
Tom Clancy's Ghost Recon: Future Soldier,146.190.205.197,1.1.1.1
Tom Clancy's Splinter Cell: Double Agent,146.190.205.197,1.1.1.1
Tony Hawk: Shred,146.190.205.197,1.1.1.1
Top Gun,146.190.205.197,1.1.1.1
Transformers: Dark of the Moon,146.190.205.197,1.1.1.1
Transformers: Fall of Cybertron,146.190.205.197,1.1.1.1
Transformers: Revenge of the Fallen,146.190.205.197,1.1.1.1
Transformers: Rise of the Dark Spark,146.190.205.197,1.1.1.1
Transformers: War for Cybertron,146.190.205.197,1.1.1.1
Turok,146.190.205.197,1.1.1.1
Uncharted 2: Among Thieves,51.75.22.125,1.1.1.1
Uncharted 3: Drake's Deception,51.75.22.125,1.1.1.1
Unreal Tournament 3,34.74.154.134,1.1.1.1
Warhawk,198.100.158.95,1.1.1.1
Wipeout - HD Edition,147.135.213.57,1.1.1.1
Wolfenstein,146.190.205.197,1.1.1.1
WWE All Stars,146.190.205.197,1.1.1.1
WWE SmackDown vs. Raw 2008,146.190.205.197,1.1.1.1
ATV Offroad Fury: Blazin' Trails,67.222.156.250,1.1.1.1
Field Commander,67.222.156.250,1.1.1.1
Gretzky NHL,67.222.156.250,1.1.1.1
Gretzky NHL 06,67.222.156.250,1.1.1.1
Medal of Honor Heroes,67.222.156.250,1.1.1.1
MLB,67.222.156.250,1.1.1.1
NBA,67.222.156.250,1.1.1.1
NBA 06,67.222.156.250,1.1.1.1
NBA 07,67.222.156.250,1.1.1.1
Ratchet & Clank: Size Matters,67.222.156.250,1.1.1.1
Sega Rally Revo,146.190.205.197,1.1.1.1
Socom: FireTeam Bravo,67.222.156.250,1.1.1.1
Socom: FireTeam Bravo 2,67.222.156.250,1.1.1.1
Socom: Tactical Strike,67.222.156.250,1.1.1.1
SW: Battlefront - Elite Squadron,67.222.156.250,1.1.1.1
SW: Battlefront - Renegade Squadron,67.222.156.250,1.1.1.1
Syphon Filter: Dark Mirror,67.222.156.250,1.1.1.1
Twisted Metal: Head-On,67.222.156.250,1.1.1.1
